,CHR,SNP,BP,A1,F_A,F_U,A2,CHISQ,P,OR
24117,1,rs6656401,207692049,A,0.1473,0.1483,G,0.00106,0.974,0.9922
24155,1,rs3818361,207784968,T,0.2558,0.2586,C,0.005628,0.9402,0.9854
131859,7,rs11771145,143110762,A,0.4147,0.4552,G,0.9081,0.3406,0.8482
137462,8,rs2279590,27456253,A,0.3488,0.3724,G,0.3289,0.5663,0.9028
137464,8,rs11136000,27464519,T,0.3411,0.369,C,0.463,0.4962,0.8853
137465,8,rs9331888,27468862,C,0.3992,0.3414,G,1.963,0.1612,1.282
175736,11,rs3851179,85868640,A,0.4419,0.4,G,0.9823,0.3216,1.188
235999,19,rs405509,45408836,C,0.3333,0.4345,A,5.889,0.01523,0.6508
236009,19,rs429358,45411941,0,0.0,0.0,T,,,
236011,19,rs7412,45412079,T,0.04297,0.03448,C,0.2648,0.6069,1.257
